filename,chroma_stft_mean,chroma_stft_var,rms_mean,rms_var,spectral_centroid_mean,spectral_centroid_var,spectral_bandwidth_mean,spectral_bandwidth_var,rolloff_mean,rolloff_var,zero_crossing_rate_mean,zero_crossing_rate_var,harmony_mean,harmony_var,perc_mean,perc_var,tempo,mfcc_m1,mfcc_v1,mfcc_m2,mfcc_v2,mfcc_m3,mfcc_v3,mfcc_m4,mfcc_v4,mfcc_m5,mfcc_v5,mfcc_m6,mfcc_v6,mfcc_m7,mfcc_v7,mfcc_m8,mfcc_v8,mfcc_m9,mfcc_v9,mfcc_m10,mfcc_v10,mfcc_m11,mfcc_v11,mfcc_m12,mfcc_v12,mfcc_m13,mfcc_v13,mfcc_m14,mfcc_v14,mfcc_m15,mfcc_v15,mfcc_m16,mfcc_v16,mfcc_m17,mfcc_v17,mfcc_m18,mfcc_v18,mfcc_m19,mfcc_v19,mfcc_m20,mfcc_v20,label
NowI'm27.wav,0.39434847235679626,0.08273609727621078,0.18730342388153076,0.002636104356497526,2027.7533364364842,465728.77537642804,2384.9021821649935,158256.98335244763,4609.447127303841,2342578.7801714437,0.06950789413215944,0.0015503531203424762,1.2413229342200793e-05,0.024726038798689842,0.00010798446601256728,0.0044413963332772255,112.34714673913044,-82.03421783447266,1993.767578125,108.69499969482422,864.3947143554688,14.456512451171875,220.1565399169922,35.8658332824707,226.80897521972656,-7.704646587371826,126.96971893310547,20.288970947265625,105.03398132324219,-2.518282890319824,91.46845245361328,6.123359680175781,101.7502670288086,-2.2710509300231934,71.00421142578125,7.843696117401123,46.99525451660156,-4.634696006774902,40.527809143066406,11.844928741455078,50.033172607421875,-4.451602935791016,43.06364440917969,5.389882564544678,40.863037109375,-5.621201992034912,33.89236831665039,5.162564277648926,33.65166473388672,-7.632638454437256,34.39805603027344,4.250959873199463,29.552461624145508,-4.049318790435791,36.56028747558594,7.52361536026001,31.007797241210938,DPP
RoundAndRound.wav,0.24786175787448883,0.09673923999071121,0.06529226154088974,0.003625107230618596,911.1804201631793,371085.2146833418,1391.1295032384976,194777.08322923837,1452.9578808291408,2008569.0482865176,0.03787732198142415,0.0011501799724033211,-1.9165079265803797e-06,0.006791363935917616,4.743153567687841e-06,0.0003715836792252958,123.046875,-337.1233825683594,5493.2451171875,124.34528350830078,1030.2490234375,34.61856460571289,783.9578857421875,22.128660202026367,452.57208251953125,6.800136566162109,238.59970092773438,1.298842430114746,116.8616714477539,-2.490311861038208,242.24099731445312,3.626204013824463,96.14015197753906,-5.233495712280273,190.5233612060547,-2.081305980682373,93.67520904541016,-7.879512310028076,83.50580596923828,-8.568904876708984,50.64158248901367,-4.919342994689941,48.568607330322266,-5.0689592361450195,52.8411979675293,-6.719912528991699,51.38508605957031,-8.613462448120117,49.65530776977539,-11.83777141571045,45.33999252319336,-9.123932838439941,67.56169128417969,-9.687928199768066,54.823238372802734,-10.93741226196289,49.03463363647461,DPP
tmiun(編織).wav,0.32156798243522644,0.0866498351097107,0.19227465987205505,0.0019315172685310245,1676.8713352977447,296504.0645707196,2319.140573027927,293402.6165395275,3734.969081819611,2874746.0648220126,0.05269280306695046,0.0003765154613199106,1.3292691392052802e-06,0.03161241486668587,-5.026102007832378e-05,0.0027882475405931473,95.703125,-119.1968994140625,2905.3564453125,118.63860321044922,544.27978515625,6.320146083831787,310.4539489746094,25.445384979248047,184.1551055908203,27.413097381591797,167.8377685546875,12.519026756286621,215.0027313232422,-13.000922203063965,165.25827026367188,-8.985689163208008,139.60305786132812,-4.204479217529297,76.65935516357422,13.399430274963379,71.61813354492188,-6.099531173706055,73.60594940185547,4.0515546798706055,67.62036895751953,-4.979091644287109,59.19752502441406,6.390774726867676,77.32549285888672,-16.722431182861328,71.0086441040039,1.654680848121643,70.3948974609375,-11.104104995727539,71.97017669677734,2.071668863296509,58.19390869140625,-9.96855640411377,61.3646125793457,7.232198715209961,94.49888610839844,DPP
世紀之約.wav,0.4630609452724457,0.0724569782614708,0.15195071697235107,0.002316548489034176,2250.59508934397,342455.6061770489,2499.4555995813002,120018.41133301784,5009.636374080882,1899786.4227666922,0.11160023219814241,0.0018237229031324218,1.5477759234272526e-06,0.010964472778141499,-1.6966263501672074e-05,0.005887288600206375,135.99917763157896,-73.2463607788086,2586.497314453125,94.01116180419922,416.5281982421875,-2.6326828002929688,141.608154296875,37.502933502197266,157.11798095703125,12.246868133544922,125.71109771728516,15.311420440673828,78.88072204589844,-4.306002616882324,60.97661209106445,13.265291213989258,44.72404861450195,-0.28162962198257446,44.056278228759766,5.041035175323486,35.535499572753906,-4.334317684173584,41.97346496582031,7.777726173400879,46.2578125,-7.4432053565979,38.90611267089844,5.793532371520996,40.356361389160156,-7.3276686668396,31.04480743408203,8.420455932617188,31.409587860107422,-8.140182495117188,37.54703140258789,3.875661849975586,32.6981201171875,-7.621251583099365,35.36205291748047,6.278444290161133,31.491680145263672,DPP
亮點.wav,0.3821088671684265,0.08817833662033081,0.1452959030866623,0.0019929702393710613,1711.3885926838857,570728.5700805064,2209.595185852463,157175.52574939164,3625.9947407725426,2229186.292138314,0.06153326359326625,0.0024501080625160907,7.619141342729563e-06,0.01470269076526165,-8.54185509524541e-06,0.003259293269366026,117.45383522727273,-129.59266662597656,4028.798095703125,117.37352752685547,837.1077880859375,6.4840521812438965,279.7115783691406,28.626693725585938,241.06105041503906,10.146214485168457,218.12359619140625,11.518494606018066,126.42596435546875,-6.891934871673584,159.64601135253906,9.583115577697754,80.55795288085938,-7.217926025390625,157.16812133789062,5.182078838348389,91.1722412109375,-9.341558456420898,82.77532958984375,0.13944700360298157,75.58187103271484,-2.097402811050415,53.37186050415039,2.974294662475586,45.127967834472656,-5.752552509307861,47.05178451538086,5.051610946655273,51.880516052246094,-8.220931053161621,53.38166427612305,1.7962433099746704,32.394935607910156,-5.9856367111206055,47.04080581665039,1.8911075592041016,45.60390853881836,DPP
南邊的風.wav,0.2846677899360657,0.0935177356004715,0.04293341562151909,0.0003242348902858794,1253.8860965625993,978811.4287078375,1646.5319142860278,509537.8772766521,2323.860947930776,4343517.769622974,0.0515646919746517,0.00338647920907519,7.330800144700333e-07,0.0014803505036979914,-1.9844014786940534e-07,0.0003505926870275289,129.19921875,-353.4830627441406,5989.56494140625,146.95030212402344,3100.16748046875,33.35777282714844,716.5049438476562,15.81100082397461,581.8740234375,-4.105400085449219,357.0292663574219,-6.289430618286133,310.7295837402344,-10.16976547241211,223.03163146972656,-2.037222146987915,167.09483337402344,-20.287338256835938,293.3406982421875,-0.37653878331184387,259.7916564941406,-15.961700439453125,163.04248046875,-4.570570468902588,164.9507293701172,-13.07834243774414,170.73045349121094,-8.066965103149414,127.87227630615234,-5.807985782623291,137.98126220703125,-4.989666938781738,119.67477416992188,-13.947813987731934,99.77598571777344,-4.64069128036499,118.9109878540039,-8.689367294311523,109.34021759033203,-1.9143043756484985,118.13923645019531,DPP
厝內的春光.wav,0.27455511689186096,0.08938722312450409,0.1574985831975937,0.0023954189382493496,1627.4546314590987,899613.9299271705,2277.3387119494882,620651.9947263662,3631.2363757437597,6494057.520393915,0.052486455108359135,0.002408857117238174,7.161092071328312e-06,0.019574446603655815,0.0001187225934700109,0.0031429689843207598,129.19921875,-186.09326171875,4788.7919921875,123.75345611572266,1941.19189453125,34.046939849853516,605.35205078125,19.75560760498047,558.779296875,12.138237953186035,158.52008056640625,11.682753562927246,149.8660430908203,3.417020797729492,91.96852111816406,1.1175000667572021,94.29456329345703,-5.595842361450195,79.5583724975586,-1.398236870765686,79.22007751464844,-10.562098503112793,71.36876678466797,-4.313924789428711,62.650062561035156,-7.234789848327637,69.3796615600586,-0.9687740206718445,71.23163604736328,-11.63630485534668,62.03358459472656,-2.3983280658721924,92.29236602783203,-14.883262634277344,110.98677825927734,-2.691005229949951,93.80644226074219,-11.3963041305542,141.8473358154297,-2.0585615634918213,113.62454223632812,DPP
去海邊.wav,0.2040383517742157,0.08685488253831863,0.1252155303955078,0.0014463452389463782,1200.7974187581913,592763.441634105,1687.299402453396,540052.2857249135,2312.269351356908,3760797.7975251777,0.04345627539667183,0.0006492680434664013,-9.699339898361359e-06,0.016194293275475502,-4.59807415609248e-05,0.0002746005484368652,123.046875,-245.47227478027344,4553.23974609375,132.26962280273438,1875.38037109375,22.964069366455078,291.4745178222656,22.324628829956055,297.00274658203125,-2.697662353515625,110.09586334228516,11.086606979370117,166.26333618164062,-9.940030097961426,92.68602752685547,-9.271380424499512,73.37560272216797,-15.49306583404541,111.9688949584961,-11.616804122924805,137.71177673339844,-15.817328453063965,159.7309112548828,-4.872505187988281,101.94864654541016,-17.09221649169922,76.20692443847656,-6.023380279541016,75.99392700195312,-15.685770988464355,126.59629821777344,-9.379427909851074,88.2210693359375,-9.287697792053223,75.33781433105469,-5.6982622146606445,64.37870025634766,-12.362106323242188,98.19589233398438,-6.301168918609619,66.08306121826172,DPP
台北新故鄉.wav,0.31914854049682617,0.08795005083084106,0.14722348749637604,0.001085601281374693,1751.1111019600382,234716.3017991227,1896.787518462872,91117.6688224112,3555.2701684343556,987144.1130325499,0.10277942385835913,0.0018096647252609523,-3.6602423278964125e-06,0.017281433567404747,-2.4558112272643484e-05,0.001969805685803294,112.34714673913044,-132.1922149658203,1918.687744140625,118.78044891357422,481.743408203125,-15.261272430419922,289.74835205078125,55.336917877197266,179.32424926757812,-5.967645168304443,187.80844116210938,16.84157371520996,144.5902557373047,-5.230694770812988,103.82684326171875,16.517505645751953,101.57703399658203,-10.223849296569824,99.93074035644531,4.14859676361084,66.42943572998047,-6.003109455108643,53.315330505371094,4.331204891204834,60.8559455871582,-0.9366561770439148,52.487060546875,3.5289547443389893,52.626644134521484,-4.9983229637146,79.86842346191406,4.647268295288086,47.41334915161133,-2.317279815673828,41.88418960571289,3.641395330429077,92.66621398925781,2.392967462539673,87.96847534179688,4.258664131164551,119.05026245117188,DPP
台灣原住民組曲.wav,0.4647448658943176,0.07940930873155594,0.12551568448543549,0.0028260182589292526,2203.0376566377713,366664.3666156836,2511.6761052949128,185037.26867543705,4886.645451123501,2175426.37056195,0.08467560286861456,0.001609113896258395,6.0743518588424195e-06,0.007408408913761377,0.0001348756777588278,0.005140888504683971,89.10290948275862,-118.11396789550781,6018.82275390625,95.01741790771484,643.2481689453125,0.8533104062080383,619.5138549804688,28.148386001586914,342.9656066894531,3.209810256958008,431.91015625,9.250401496887207,182.92947387695312,5.539091110229492,133.31040954589844,11.0344820022583,81.25516510009766,-5.779227256774902,113.71343231201172,15.985708236694336,69.85204315185547,-0.8464404344558716,102.2969970703125,10.006718635559082,52.60432052612305,-3.1711878776550293,40.65439224243164,10.043615341186523,42.746124267578125,-3.3014755249023438,42.58095932006836,8.50383472442627,43.956966400146484,-8.149365425109863,47.080780029296875,11.338235855102539,40.684574127197266,-5.84456729888916,39.42357635498047,3.3540143966674805,31.395118713378906,DPP
台灣新人類.wav,0.4409067928791046,0.08930117636919022,0.08219025284051895,0.0012173661962151527,2178.758714194973,381138.79971116764,2327.695704855029,124403.42989665731,4632.438654943885,1641655.6950940767,0.09422014077012383,0.002476249356889552,-5.397280347096967e-06,0.002320874948054552,-7.264826308528427e-06,0.0033266975078731775,99.38401442307692,-151.52696228027344,4468.9150390625,97.26173400878906,621.2153930664062,-13.230011940002441,500.1668395996094,30.645776748657227,315.20355224609375,-2.015432596206665,349.2116394042969,12.162239074707031,195.69021606445312,-0.361982136964798,223.3536376953125,11.906641960144043,121.0213851928711,-9.44279956817627,100.79208374023438,11.190109252929688,111.19742584228516,-4.423321723937988,65.03228759765625,10.690974235534668,70.42835998535156,-2.5916707515716553,89.88737487792969,9.01496410369873,57.53036880493164,-6.082436561584473,61.340145111083984,5.261125564575195,46.53374099731445,-7.190187931060791,48.455726623535156,4.419142246246338,42.29491424560547,-7.846481800079346,54.55928421020508,1.4653304815292358,48.518062591552734,DPP
台灣花.wav,0.26158469915390015,0.09711113572120667,0.2580013871192932,0.008543368428945541,2000.7755220329104,1140656.4926342485,2411.321629015486,198805.54776676194,4393.615099077254,4147745.4650245938,0.06297732137674149,0.00609658494251638,-8.154702663887292e-05,0.06557676196098328,2.7028683689422905e-05,0.004112472757697105,151.99908088235293,-127.37892150878906,3696.717041015625,85.2436752319336,1506.3231201171875,22.440658569335938,292.29888916015625,43.61399459838867,535.929931640625,13.600350379943848,266.74041748046875,13.257156372070312,120.05741882324219,-5.229859352111816,166.2501983642578,7.3917317390441895,126.94024658203125,-10.725831985473633,89.27025604248047,6.142369747161865,156.35292053222656,-12.522788047790527,97.04896545410156,1.4155024290084839,90.30078125,-17.391468048095703,71.73274993896484,-4.0884108543396,73.75084686279297,-9.579045295715332,58.23738479614258,-3.438246011734009,58.709049224853516,-8.594135284423828,52.46055603027344,-3.1610164642333984,63.89502716064453,-13.346111297607422,64.9832534790039,-4.761582851409912,79.3374252319336,DPP
台灣隊長.wav,0.5124692320823669,0.08385877311229706,0.26897192001342773,0.005998716223984957,2355.784920244171,750755.1911922887,2438.574815202735,181770.32262581427,4930.786850873162,2727623.8541525966,0.08011138254643962,0.0035251792381776653,-9.649889761931263e-06,0.04643131047487259,5.759035411756486e-05,0.019131531938910484,117.45383522727273,-48.09626770019531,2470.72705078125,87.13804626464844,876.6453247070312,-7.358193397521973,609.884033203125,31.573604583740234,261.6516418457031,4.879464626312256,290.58203125,16.30013084411621,181.22885131835938,1.8993462324142456,122.23226928710938,18.090892791748047,80.69979095458984,-7.7794904708862305,79.41436767578125,12.530176162719727,67.8320083618164,-1.5433502197265625,64.90351104736328,9.55440902709961,83.8439712524414,1.1020400524139404,61.06843185424805,7.784679412841797,53.87333297729492,-2.8672237396240234,50.64726638793945,10.62921142578125,47.6977424621582,-5.046178340911865,47.06697463989258,6.490199565887451,39.744327545166016,-2.4603922367095947,45.228675842285156,5.440873622894287,48.366207122802734,DPP
呷飽未.wav,0.3382526934146881,0.09721988439559937,0.06108079105615616,0.0012680651852861047,1928.7375482735047,714840.2387826071,2225.835046455517,375596.56564383575,4194.141305267995,3717650.0146220145,0.07601201202109133,0.0025595796569696377,8.241930231633887e-07,0.0020581919234246016,-6.337329523375956e-06,0.0018615523586049676,123.046875,-242.2893829345703,12841.0712890625,100.7466049194336,1522.5330810546875,8.099123001098633,758.6969604492188,36.249977111816406,396.1197204589844,4.164719104766846,250.0000457763672,4.161144733428955,344.37139892578125,3.7777843475341797,141.53564453125,7.354371070861816,136.3263397216797,-8.686975479125977,151.89210510253906,8.917529106140137,104.09203338623047,-10.584518432617188,169.47218322753906,6.883711338043213,103.05167388916016,-12.858976364135742,94.4849624633789,-2.6103203296661377,80.70771789550781,-7.8912506103515625,58.90557098388672,-2.9686009883880615,86.86334228515625,-8.405843734741211,67.1845703125,-0.3844517469406128,84.0401840209961,-7.007162570953369,65.84671020507812,0.9005929231643677,103.57828521728516,DPP
咱攏坐著同只船.wav,0.31338685750961304,0.08863183856010437,0.0760883167386055,0.0007857779855839908,2089.115210559506,481451.4319715234,2151.7424266191383,131814.46812021773,4198.991275940886,1737020.0565023187,0.10598764330979102,0.0029874991931093412,-4.330601768742781e-06,0.004382191691547632,-7.051006377878366e-06,0.0009554226417094469,95.703125,-161.2040252685547,2662.280517578125,100.45481872558594,710.3972778320312,-19.91464614868164,323.1865234375,41.25666809082031,192.22000122070312,4.896807670593262,191.0799560546875,8.569512367248535,82.71354675292969,-6.8977861404418945,69.2614974975586,14.5051908493042,75.47249603271484,-7.998452663421631,70.36023712158203,2.591810941696167,96.7489013671875,-9.474397659301758,69.9763412475586,1.9481786489486694,100.96617126464844,-9.66947078704834,66.93954467773438,1.3603579998016357,66.88269805908203,-8.870759963989258,62.69926834106445,2.5041627883911133,56.07170486450195,-8.87852954864502,59.909732818603516,3.344665288925171,44.9351921081543,-3.951521158218384,43.17333221435547,10.070392608642578,49.68903350830078,DPP
哇哈哈進行曲.wav,0.40545934438705444,0.08262176811695099,0.06363696604967117,0.00041360760224051774,2268.751371828966,320764.12541075714,2321.887605171043,99975.68888750371,4839.979066642076,1245909.0980346075,0.10779488861745357,0.001784091947843786,2.3841014353820356e-06,0.0017345139058306813,1.6910136764636263e-05,0.0013822217006236315,123.046875,-155.9971466064453,2907.48681640625,92.48625183105469,533.4699096679688,-14.364179611206055,539.8906860351562,39.06854248046875,223.34068298339844,0.1325472891330719,136.53611755371094,22.140621185302734,71.86376953125,-4.134353160858154,76.84199523925781,15.871783256530762,74.15192413330078,-7.251779079437256,71.0229263305664,12.893330574035645,56.76579284667969,-0.11674503982067108,78.6520767211914,8.510990142822266,45.06538009643555,-3.2650935649871826,44.3464241027832,4.783226490020752,46.78273010253906,-5.539003849029541,40.53194046020508,7.048027038574219,36.75455856323242,-5.6706366539001465,40.7518424987793,4.769153594970703,38.04941177368164,-7.3166890144348145,39.37355422973633,1.0342063903808594,48.641483306884766,DPP
四合院.wav,0.3494974970817566,0.08110759407281876,0.07413300126791,8.668509690323845e-05,2114.459303488507,207978.35342572155,2390.717651791654,139605.4010868615,4871.7455412212175,1419512.9923991517,0.08176405584849071,0.0006607804357394788,-5.56737127510587e-08,0.004118964541703463,-1.2382631211949047e-05,0.00042074028169736266,112.34714673913044,-155.81288146972656,1523.2783203125,104.40753173828125,555.2239990234375,2.9591333866119385,717.7741088867188,30.90989112854004,117.03831481933594,-15.457548141479492,116.1931381225586,12.881781578063965,182.27073669433594,-15.76882266998291,114.10726165771484,5.23347806930542,146.7908935546875,-11.9549560546875,66.68232727050781,2.3757612705230713,95.18730163574219,-7.384990692138672,61.909515380859375,2.6025705337524414,67.20938110351562,-15.47185230255127,55.57192611694336,1.456847071647644,59.208518981933594,-13.76738452911377,39.971656799316406,-1.206092119216919,49.906124114990234,-13.574244499206543,46.37967300415039,-3.4845175743103027,80.92005920410156,-5.88286828994751,51.376319885253906,0.5580201745033264,50.85591125488281,DPP
回家的路.wav,0.28290900588035583,0.09170474112033844,0.20181189477443695,0.003203081898391247,1495.1416270094812,741173.3123887269,1901.3216874693894,207477.88374464258,2925.3573107645607,2718273.919381269,0.06293197017705109,0.002891410950271608,3.211824150639586e-06,0.030512090772390366,-1.2190115739940666e-05,0.005343245808035135,103.359375,-135.4320831298828,3589.034423828125,124.08937072753906,1565.66259765625,4.8783674240112305,346.82794189453125,38.81845474243164,287.4911804199219,5.7645463943481445,165.01004028320312,18.154600143432617,168.52166748046875,13.941561698913574,96.30487823486328,9.682141304016113,156.8225860595703,5.651280403137207,89.93389892578125,4.927097797393799,91.2793960571289,-10.850761413574219,77.8494873046875,2.2000036239624023,77.60432434082031,-10.66555118560791,89.71366119384766,5.363724708557129,86.98532104492188,-9.344932556152344,90.00305938720703,-3.1326420307159424,83.14323425292969,-9.072558403015137,94.49186706542969,2.412055730819702,122.5154037475586,-2.8545751571655273,156.63864135742188,4.171023368835449,122.93990325927734,DPP
堅持的路.wav,0.2987977862358093,0.08421265333890915,0.19098475575447083,0.0033371788449585438,1742.4212483411948,97254.90304412525,1795.642552976898,103371.41057862436,3408.4793893914475,750420.3190389976,0.09395294661861456,0.000510902191496406,3.181108695571311e-06,0.02568015083670616,-5.4633401305181906e-05,0.00445251539349556,117.45383522727273,-64.17188262939453,1234.4993896484375,128.53652954101562,296.6532897949219,-36.75160217285156,456.8470458984375,22.942415237426758,137.1455535888672,-16.440187454223633,167.66534423828125,-0.06601037085056305,117.88365936279297,-3.79738187789917,107.81653594970703,11.842812538146973,97.78833770751953,-16.13547134399414,60.86671447753906,6.357435703277588,56.850486755371094,-3.6446876525878906,46.778831481933594,3.1586663722991943,40.444557189941406,-6.909187316894531,57.392425537109375,-0.40210774540901184,44.21918869018555,-8.584986686706543,76.16271209716797,0.36078768968582153,67.54164123535156,-7.609997272491455,38.49949264526367,2.7179274559020996,57.30900573730469,-5.704119682312012,39.53839111328125,5.8600592613220215,43.71757888793945,DPP
天公伯.wav,0.377055287361145,0.08909597247838974,0.030904922634363174,0.0002872464247047901,1705.9691852395936,1252726.62142672,1988.9041692711749,486519.6603112076,3514.4537485789956,4861960.7080303095,0.05924605142221362,0.0037455227008955203,-2.6208376766589936e-06,0.0009483756730332971,-1.2217530638736207e-05,0.00015879438433330506,151.99908088235293,-321.04656982421875,11987.7763671875,121.00718688964844,2426.3564453125,15.404638290405273,522.9329833984375,26.432920455932617,533.2366943359375,6.740553379058838,241.07183837890625,21.387041091918945,135.26998901367188,-0.6531255841255188,95.68445587158203,6.16499662399292,101.06603240966797,-1.717879295349121,76.76002502441406,3.310250997543335,88.4253921508789,-4.987104892730713,77.33493041992188,2.435680866241455,69.79936981201172,-3.2186026573181152,45.63985824584961,-0.3245218098163605,57.74830627441406,-2.0542728900909424,49.240264892578125,6.371760368347168,81.31708526611328,-5.5679216384887695,48.9082145690918,2.070919990539551,59.55162811279297,-7.208376884460449,48.77522277832031,-0.8357647657394409,58.287574768066406,DPP
小手.wav,0.2782641351222992,0.09100757539272308,0.11600809544324875,0.001267427229322493,1620.4393148190013,876326.2314945188,2088.726976335056,312232.9765095287,3173.372477717444,3749451.2719001477,0.06186999625096749,0.003327989016730856,4.095717486052308e-06,0.01232333853840828,-1.13800706458278e-05,0.0008753083529882133,161.4990234375,-193.2704315185547,4359.71533203125,122.04489135742188,1865.8197021484375,10.049257278442383,426.9346923828125,13.149007797241211,363.734619140625,3.9955718517303467,190.28057861328125,19.1265926361084,168.06741333007812,4.126150608062744,105.71265411376953,3.064542293548584,130.76109313964844,0.14761796593666077,87.77373504638672,5.069090366363525,98.86576080322266,-0.7869582772254944,54.98728942871094,-0.6116032004356384,75.22505950927734,-8.660845756530762,66.86336517333984,5.088132381439209,97.31836700439453,-19.772844314575195,86.93840789794922,-1.493085503578186,43.97901153564453,-14.445332527160645,103.84036254882812,-5.36352014541626,81.2919921875,-13.061190605163574,93.01637268066406,-5.486274242401123,82.28704071044922,DPP
少年台灣.wav,0.31087201833724976,0.08806101977825165,0.24630410969257355,0.002300862455740571,1631.9905695537607,402858.9323524818,1928.805748970348,151558.86208829537,3255.705313195385,1581867.9116950226,0.07151846398510062,0.0016366032666014847,2.9203079066064674e-06,0.042105305939912796,-9.67862069956027e-06,0.007310120854526758,107.666015625,-68.61119842529297,1869.3026123046875,127.17485046386719,982.9351806640625,-10.83059024810791,367.384033203125,39.31875991821289,280.64227294921875,10.980990409851074,184.1086883544922,7.934719085693359,108.78573608398438,-14.606466293334961,113.12081909179688,11.837505340576172,59.54092025756836,-10.648165702819824,59.702171325683594,-2.176790237426758,70.1396484375,-8.320033073425293,73.35800170898438,0.2368609756231308,90.3017349243164,-2.720319986343384,71.58747100830078,-2.446687936782837,55.548763275146484,-5.909160614013672,44.50017166137695,4.765812873840332,46.53858947753906,-7.219222545623779,44.83647155761719,2.048780918121338,48.18186569213867,-2.1734304428100586,59.936031341552734,-3.573741912841797,62.68410873413086,DPP
山RGAX.wav,0.31894293427467346,0.0916353315114975,0.03166256472468376,0.00013741421571467072,1745.9373694223477,948824.8048530568,2080.8089595997308,411841.6057070106,3586.369980378048,5173427.152340079,0.0754621287248452,0.004518972870296423,5.174582611289225e-07,0.0007920668576844037,-2.540810328355292e-06,0.00012855452951043844,161.4990234375,-297.720947265625,5022.9111328125,122.78631591796875,2216.975341796875,6.684627532958984,626.0872802734375,19.066553115844727,382.7226257324219,-0.12788867950439453,279.2738037109375,10.118393898010254,169.29827880859375,-12.311702728271484,147.9702911376953,0.6597428917884827,153.62771606445312,-14.302558898925781,95.68937683105469,-2.5920538902282715,75.64566802978516,-7.136232852935791,83.34538269042969,-5.414653301239014,69.9371337890625,-8.807777404785156,70.12410736083984,-0.697647213935852,59.138694763183594,-10.575675964355469,45.88592529296875,0.9687517285346985,40.770294189453125,-11.851441383361816,42.0046272277832,-1.0351749658584595,34.24589920043945,-11.004249572753906,47.25492858886719,-2.0267648696899414,45.20866012573242,DPP
嶼民.wav,0.2920500338077545,0.0903332382440567,0.1413578987121582,0.003119168570265174,2911.0570151737606,916813.9067005912,2572.318160158046,151877.01830961174,5887.989396133659,2440735.498642915,0.1546430558243034,0.007392731350614448,-1.5492751117562875e-06,0.013934913091361523,-1.746920474943181e-06,0.00428433483466506,92.28515625,-102.98645782470703,3330.293701171875,70.72211456298828,984.4599609375,7.567303657531738,400.0563659667969,25.485868453979492,255.66864013671875,-20.63716697692871,192.53868103027344,-0.5525885224342346,157.3042449951172,-26.28793716430664,121.19942474365234,-1.8754621744155884,104.04486846923828,-23.88194465637207,145.94113159179688,8.809273719787598,98.90801239013672,-10.749659538269043,75.69608306884766,-2.171255350112915,67.08479309082031,-11.379462242126465,81.12628173828125,-4.806557655334473,72.87745666503906,-10.615232467651367,58.429988861083984,-1.070829153060913,37.87557601928711,-15.00401782989502,61.71550750732422,1.0628172159194946,42.832252502441406,-6.882135391235352,100.94291687011719,-5.057567119598389,60.35401916503906,DPP
幸福台灣.wav,0.341977596282959,0.09195680171251297,0.15489649772644043,0.0026706778444349766,1907.7071034607784,432572.25755250093,2199.7573823641305,130906.50421069161,4009.467421965702,1662399.3205450326,0.08055015540344428,0.0021194514048884614,4.045087734994013e-06,0.015415082685649395,3.670371006592177e-05,0.0043563516810536385,86.1328125,-105.87693786621094,5045.19970703125,107.11693572998047,708.419189453125,-5.027003765106201,218.81129455566406,32.53652572631836,209.04959106445312,1.4306291341781616,176.87069702148438,12.390522003173828,140.06028747558594,3.228505849838257,133.63214111328125,8.849166870117188,57.6668701171875,-1.5063438415527344,73.91767883300781,10.498300552368164,54.9871940612793,-7.649062633514404,49.38406753540039,5.133819103240967,41.37186050415039,-2.9967098236083984,50.68363571166992,1.0967026948928833,58.29125213623047,-7.95320987701416,66.59770202636719,4.459122657775879,101.35165405273438,-4.648937225341797,119.37150573730469,5.909525394439697,102.77008819580078,-3.981135845184326,88.92818450927734,4.6492438316345215,138.18153381347656,DPP
心內一個小願望.wav,0.36501652002334595,0.08036746084690094,0.052173078060150146,0.0003643878153525293,1891.081771949269,499122.48834830604,2097.432684029302,229829.83211365336,4082.208648776122,2541957.9976070076,0.08987322827979877,0.001982490213851381,4.2647009479424014e-08,0.0019948394037783146,-2.2799516955274157e-05,0.0004121999954804778,95.703125,-208.8135223388672,3963.116943359375,118.33846282958984,1195.6009521484375,-7.334937572479248,204.03872680664062,37.83395004272461,218.99407958984375,-6.302488327026367,198.38731384277344,17.477794647216797,127.38282775878906,-7.853005409240723,91.07396697998047,18.25741958618164,123.14826965332031,-8.543342590332031,94.9033203125,11.390768051147461,127.450439453125,-9.062990188598633,82.13272857666016,5.116727352142334,100.63864135742188,-7.934837341308594,64.98236846923828,6.156529903411865,95.84087371826172,-8.662303924560547,50.48283767700195,5.457508087158203,55.04969787597656,-5.276639461517334,65.5757064819336,2.3952176570892334,64.48762512207031,-4.3034539222717285,67.02665710449219,2.222592353820801,82.75304412841797,DPP
愛行奈去.wav,0.29630064964294434,0.08659812808036804,0.14357390999794006,0.0009073069086298347,2634.166423798721,588199.0858843758,2756.3430711402416,100826.08423202323,5946.03071183243,1773496.9395262091,0.09891323408475232,0.004528471535365476,-7.405863289022818e-05,0.01528239157050848,3.501963510643691e-05,0.002146202838048339,95.703125,-100.28435516357422,1208.69775390625,78.90451049804688,583.759521484375,19.399587631225586,237.99110412597656,34.62965774536133,249.9552001953125,-4.487442970275879,107.0626220703125,10.560624122619629,109.72575378417969,0.4063661992549896,101.10737609863281,4.562991619110107,76.46800994873047,-6.931530475616455,62.536293029785156,16.952238082885742,61.4791259765625,-13.371711730957031,60.83661651611328,2.185021162033081,62.38542556762695,-18.139991760253906,68.40560913085938,-2.452845811843872,48.91752243041992,-6.6749091148376465,62.5565071105957,2.7520036697387695,87.96556091308594,-8.371344566345215,65.19905090332031,3.2163848876953125,57.95646286010742,-10.4043607711792,87.2231674194336,5.894644737243652,72.36180114746094,DPP
我願是妳的風景.wav,0.29493579268455505,0.1049359068274498,0.05360366404056549,0.0007501969812437892,1335.8006041990059,811120.0355284206,1926.3271744762492,219544.43282464563,2513.476468018334,3567643.836747281,0.04082930715460526,0.003046243346065735,1.3009367876293254e-06,0.0030726685654371977,-4.749282652483089e-06,0.00021766158170066774,117.45383522727273,-319.9584045410156,6119.322265625,119.35343933105469,1325.5560302734375,26.709888458251953,536.1766357421875,37.52339553833008,417.13616943359375,7.633173942565918,293.679931640625,6.764130115509033,164.72813415527344,4.27420711517334,166.7011260986328,8.313579559326172,106.99661254882812,-8.155196189880371,163.59129333496094,7.4205098152160645,101.3995132446289,-2.535430431365967,85.00555419921875,-1.9365873336791992,72.1196517944336,-5.350837707519531,67.96876525878906,-1.3466461896896362,77.0195541381836,-8.16827392578125,93.45450592041016,-6.93272590637207,79.98727416992188,-16.024747848510742,49.25323486328125,-3.84873628616333,51.9231071472168,-8.468178749084473,81.81471252441406,-2.0946385860443115,76.02075958251953,DPP
承諾~明天長路一起走.wav,0.311890184879303,0.08676602691411972,0.2215462028980255,0.002395395189523697,1196.4253756576286,582214.3753931695,1673.5564223900512,383717.468222991,2304.8277296887095,3005777.6307128714,0.05371622847329721,0.0015562993912315243,2.294698333571432e-06,0.041952408850193024,-4.561531022773124e-05,0.002352090086787939,161.4990234375,-152.27731323242188,2947.60107421875,160.31085205078125,1911.679931640625,16.565502166748047,993.932861328125,26.572471618652344,246.30401611328125,9.47287368774414,295.9998474121094,12.43297290802002,155.55308532714844,-0.27408868074417114,140.1116485595703,15.384257316589355,132.9540557861328,-12.422755241394043,214.9561309814453,10.232878684997559,154.1077117919922,-7.607746124267578,124.3592529296875,-1.4491883516311646,100.6592025756836,-3.5145533084869385,116.72980499267578,-4.372182846069336,94.14033508300781,-6.190072536468506,80.02963256835938,1.5846383571624756,87.92334747314453,-6.191732406616211,112.81965637207031,3.7640702724456787,83.6421127319336,-1.9198315143585205,118.35891723632812,-1.7715009450912476,125.05619812011719,DPP
早安台灣.wav,0.2821435332298279,0.0937403216958046,0.1530359536409378,0.0045630657114088535,1558.7031573060867,456041.06322504545,1929.0505691490168,233072.6739524051,3150.347616945627,2588775.2102996246,0.06559408559887771,0.001388295246909217,1.6477175449836068e-05,0.02163715660572052,6.50631045573391e-05,0.001696399413049221,112.34714673913044,-144.56736755371094,2889.244140625,129.72821044921875,823.5515747070312,-1.859358549118042,473.9529724121094,26.181501388549805,126.75857543945312,-6.695744037628174,157.75611877441406,-0.300307035446167,112.27849578857422,-7.877878189086914,146.93666076660156,0.9341895580291748,109.63166046142578,-11.58620834350586,65.52100372314453,1.7065677642822266,141.6269989013672,-10.28022575378418,61.8303337097168,1.8229299783706665,72.31055450439453,-8.78790283203125,77.58076477050781,-0.7889602184295654,67.41539001464844,-7.162606716156006,59.196292877197266,1.1097166538238525,57.72553634643555,-6.603908538818359,41.983829498291016,0.08359804004430771,68.52497100830078,-8.862496376037598,75.96269989013672,-2.224682331085205,67.0872573852539,DPP
春天的花蕊.wav,0.3273177742958069,0.0977700725197792,0.21747438609600067,0.012007191777229309,1806.552852986433,555373.2098231117,2140.009259087883,116170.19778229741,3850.0517192639804,2211041.23206648,0.07206456801470588,0.0024225894403118965,1.6946640926107648e-06,0.0352681539952755,0.0001334308326477185,0.011882992461323738,172.265625,-130.12490844726562,3574.257080078125,103.75074005126953,1137.6280517578125,14.110907554626465,489.9201965332031,45.29802322387695,537.15380859375,-8.5533447265625,301.2796936035156,15.0465087890625,255.37591552734375,9.452733039855957,225.43112182617188,4.792367935180664,182.0528564453125,-4.97208833694458,175.2035675048828,10.088968276977539,127.47724914550781,-13.820770263671875,117.00077056884766,8.022258758544922,119.83661651611328,-4.790353298187256,116.84178924560547,3.892571210861206,124.6877670288086,-2.1730806827545166,101.38836669921875,1.8263911008834839,94.44116973876953,0.49405261874198914,141.44021606445312,9.313139915466309,120.06373596191406,-0.0005646224599331617,141.56016540527344,1.8712698221206665,128.45167541503906,DPP
更好的世界.wav,0.3398842513561249,0.09379418939352036,0.24134394526481628,0.0038421142380684614,1924.4317856505743,932040.2950631162,2504.7548075471127,222393.58429778102,4251.215960145366,4348139.92705703,0.06512432275541796,0.004008558270234903,3.890207153744996e-06,0.040408600121736526,-3.044046025024727e-05,0.008281618356704712,151.99908088235293,-107.6668701171875,5272.4013671875,100.43506622314453,1444.44580078125,32.31690979003906,510.1978454589844,41.53404998779297,540.5092163085938,13.579431533813477,184.09222412109375,12.145771026611328,223.9405059814453,11.267534255981445,215.91200256347656,9.473358154296875,182.1541290283203,-0.3066684603691101,102.80332946777344,14.248199462890625,82.18701934814453,-11.66377067565918,71.52378845214844,4.545200347900391,66.02371978759766,-6.227996349334717,51.74586486816406,4.225152015686035,39.052127838134766,-5.024062156677246,38.81690979003906,5.243265151977539,37.31462860107422,-3.9746007919311523,49.76612091064453,6.113753318786621,75.72173309326172,-3.6145269870758057,63.14910125732422,8.064094543457031,73.84490203857422,DPP
有夢最美.wav,0.3101671040058136,0.09043847769498825,0.12443871796131134,0.0010898535838350654,1928.075318479212,290511.705908781,2215.051895609319,183941.7143669554,4188.0663420024675,1885813.3014070874,0.08714270813177244,0.0010766790560739344,2.6904067453870084e-06,0.011335342191159725,2.432129258522764e-05,0.0021658409386873245,143.5546875,-130.4850311279297,2532.32861328125,109.53672790527344,587.9581909179688,0.8454941511154175,352.985107421875,34.09688186645508,225.1853790283203,-5.9295148849487305,176.6302947998047,1.2743006944656372,413.1692199707031,0.6536447405815125,100.46672821044922,13.023195266723633,76.9241943359375,-14.827507972717285,228.85462951660156,8.638524055480957,63.137577056884766,-6.544347286224365,68.45389556884766,0.7696373462677002,102.90812683105469,-7.171764850616455,82.34469604492188,-2.1519088745117188,89.08997344970703,-9.49062728881836,50.48689270019531,7.717547416687012,48.02184295654297,-8.092265129089355,47.79669189453125,5.2763261795043945,48.43630599975586,-1.2778390645980835,61.20319747924805,-0.5821616053581238,87.74032592773438,DPP
有政府會做事.wav,0.4185851514339447,0.08747119456529617,0.1247553750872612,0.0029363196808844805,1788.0842200776767,600411.0925389904,2306.6060114576735,247874.21608588062,4008.534094276074,3355621.7870028005,0.06710881566853716,0.0024746933532397157,-1.2283416253922042e-05,0.00511294836178422,3.747716618818231e-05,0.00821775384247303,89.10290948275862,-155.8825225830078,5571.99560546875,108.955322265625,1099.5186767578125,22.442609786987305,648.9356079101562,47.32504653930664,432.6426696777344,10.326861381530762,380.2979431152344,3.564662218093872,240.61585998535156,-5.423985958099365,204.97503662109375,10.373103141784668,128.15744018554688,-5.071002006530762,118.2199935913086,10.744279861450195,80.92010498046875,-0.045201919972896576,104.08798217773438,5.116822719573975,61.582672119140625,-5.815481185913086,64.58446502685547,4.633964538574219,78.2221908569336,-7.452940464019775,70.03949737548828,6.773897171020508,53.41879653930664,-4.129053115844727,51.16506576538086,3.1795730590820312,52.198482513427734,-4.881991386413574,45.699832916259766,2.6480305194854736,56.82853698730469,DPP
柚仔花.wav,0.42527899146080017,0.09044675529003143,0.19992384314537048,0.007364884950220585,2262.0413468657594,1045674.9276411394,2368.064031346128,215976.70638435512,4854.812310280815,3242734.3083483176,0.09702435661764706,0.006998315358548362,-5.255483847577125e-05,0.025559455156326294,3.379874397069216e-05,0.009449509903788567,117.45383522727273,-104.34341430664062,5033.96142578125,80.2575912475586,1503.291015625,6.8986968994140625,427.9185485839844,56.7187614440918,288.7796630859375,7.999168395996094,224.7420654296875,23.201135635375977,111.56281280517578,-0.12779533863067627,162.37371826171875,16.035625457763672,77.9787368774414,0.3541581928730011,72.6910400390625,10.837244987487793,52.28592300415039,-9.354023933410645,57.55821228027344,4.871285438537598,64.55036163330078,-9.287253379821777,61.122581481933594,1.8412203788757324,61.390254974365234,-8.042722702026367,42.70379638671875,2.596162796020508,59.524742126464844,-7.941173553466797,60.84390640258789,-0.6518200635910034,43.20753479003906,-8.595992088317871,47.480045318603516,0.9390339851379395,43.308990478515625,DPP
歡喜看未來(RAPversion青春版).wav,0.5123159885406494,0.08078629523515701,0.29148903489112854,0.013782982714474201,2454.92833188604,531692.0211694848,2363.972262081778,166910.31558111394,4957.386690027573,2024597.702495329,0.12013381627321981,0.004313832927700164,1.213458654092392e-05,0.029162704944610596,0.00014742594794370234,0.03537219390273094,95.703125,-10.344815254211426,3948.696533203125,86.17154693603516,723.4580078125,-21.418102264404297,1082.7828369140625,26.559757232666016,348.7537536621094,-4.148383617401123,313.9647521972656,9.33913516998291,198.59397888183594,-3.5046257972717285,193.6562957763672,10.19900894165039,99.24124908447266,-6.833978176116943,102.97705841064453,17.833166122436523,84.97577667236328,-5.620755672454834,86.02836608886719,2.908419132232666,69.37368774414062,-6.4148359298706055,72.68514251708984,5.5958662033081055,54.24820327758789,-6.119377136230469,59.27872848510742,5.5033135414123535,42.18904113769531,-8.615166664123535,50.23926544189453,4.732876300811768,47.73387908935547,-3.355698585510254,45.29179382324219,3.5528151988983154,38.65110397338867,DPP
歡喜看未來.wav,0.4100204110145569,0.08498886972665787,0.19272206723690033,0.005388396326452494,2237.946983537314,406824.6366610257,2186.2902088209867,204607.69170232356,4317.123894942434,2627585.1651078975,0.1207872514754257,0.002121359557931743,-1.1741698472178541e-05,0.01866926997900009,-7.84519434091635e-05,0.011166034266352654,95.703125,-40.889556884765625,3041.96240234375,103.47808837890625,691.3743896484375,-32.27985763549805,451.6488342285156,14.913047790527344,250.7137908935547,-4.576369762420654,206.1449737548828,0.2109467089176178,97.61161041259766,-4.16347074508667,120.9947509765625,18.6944580078125,83.54948425292969,-13.383222579956055,231.55584716796875,14.490270614624023,68.55162811279297,1.4778858423233032,130.62451171875,4.987662315368652,42.80706787109375,-4.800990581512451,85.44840240478516,7.870786666870117,80.01498413085938,-3.1413798332214355,78.24625396728516,5.607277870178223,38.07827377319336,-4.52705717086792,51.52071762084961,10.014925003051758,37.687015533447266,-0.6642632484436035,48.52432632446289,5.9609270095825195,48.541664123535156,DPP
為你微笑.wav,0.2687826156616211,0.09085212647914886,0.09386347234249115,0.001313845976255834,1342.4121348345109,430718.76809497946,1920.9370979031378,233679.70254878004,2743.23341204286,3086556.0172009924,0.043203442458397835,0.0007412371835202753,-2.5427281798329204e-05,0.007380096707493067,-5.328651604941115e-05,0.0011815130710601807,92.28515625,-235.4172821044922,5614.3056640625,126.2933578491211,835.7880249023438,20.92912483215332,525.7958374023438,38.51493835449219,404.1165466308594,0.006847086362540722,208.39976501464844,12.064409255981445,188.06234741210938,-3.51113224029541,117.66228485107422,-3.6437129974365234,153.8594512939453,-0.6847149133682251,114.82655334472656,-6.046863079071045,130.9449920654297,-10.581149101257324,78.41444396972656,-1.8569196462631226,77.59809112548828,-17.544776916503906,101.0611343383789,-6.691680431365967,77.59273529052734,-13.405694007873535,55.99977111816406,-7.4001851081848145,95.09819793701172,-15.10020637512207,106.1017074584961,-1.7041196823120117,112.64006805419922,-6.260775566101074,98.70203399658203,-0.0949518084526062,101.60881805419922,DPP
相信台灣.wav,0.3429386615753174,0.08938724547624588,0.16443026065826416,0.0034719123505055904,1743.5760425204662,378858.42024668393,2077.158678449772,210227.02266437453,3736.019075470443,1895990.2105521827,0.07198822682856038,0.0012275214915290244,-1.0337107596569695e-05,0.017819775268435478,5.9685717133106664e-05,0.005873238202184439,103.359375,-119.9113998413086,2470.693603515625,119.26852416992188,827.6888427734375,-0.170337975025177,501.04156494140625,35.79084014892578,250.88351440429688,-4.885720252990723,231.94407653808594,5.677614212036133,160.5081787109375,8.70643424987793,191.03419494628906,18.116207122802734,74.3359603881836,-12.36298656463623,93.5643310546875,9.016596794128418,58.23002243041992,-1.252173662185669,68.45325469970703,3.625983715057373,72.6158676147461,2.4306893348693848,80.47501373291016,-1.2653685808181763,66.36487579345703,-12.10234260559082,49.26513671875,4.8390727043151855,58.85967254638672,-12.0817232131958,52.06851577758789,3.2288012504577637,63.330379486083984,-1.0623350143432617,65.69818878173828,-3.162079334259033,59.690589904785156,DPP
相信自己.wav,0.2997646927833557,0.09631647169589996,0.10772355645895004,0.004208327271044254,956.418059722666,121950.88331277287,1535.8076168455525,150106.31641251856,1788.447518835865,1023451.4494957852,0.03423108552631579,0.00023575347352148326,2.8374267913022777e-06,0.013727436773478985,1.7322037820122205e-05,0.00046235666377469897,112.34714673913044,-239.76136779785156,7491.87548828125,145.78372192382812,856.142333984375,11.4358491897583,324.46368408203125,27.87506866455078,110.99462890625,12.086051940917969,95.15542602539062,14.822497367858887,91.9670181274414,2.749065399169922,82.18659973144531,1.6973711252212524,88.53379821777344,-7.765742778778076,39.571224212646484,-3.9566290378570557,48.964717864990234,-8.701610565185547,42.42148971557617,-2.3836829662323,76.248779296875,-6.107349395751953,67.19515228271484,4.3048014640808105,102.73834228515625,-1.4238345623016357,85.10943603515625,0.6420323848724365,79.48043823242188,-2.112464666366577,64.02664184570312,2.835824966430664,72.8974838256836,-3.786700487136841,62.69797134399414,-1.8046070337295532,59.1217155456543,DPP
相信臺灣出英雄(客家話).wav,0.41190025210380554,0.09309248626232147,0.23696927726268768,0.0036289836280047894,1749.5662761581175,282495.28694619314,2194.5327343679373,122567.85042802563,3943.1428230214783,1549527.3359392795,0.053079422044311146,0.0006481190995083906,-1.463450098526664e-05,0.03269015625119209,4.673859803006053e-05,0.014007201418280602,129.19921875,-76.31642150878906,3056.1171875,108.48173522949219,457.9552917480469,-5.7124857902526855,326.1480407714844,43.99644470214844,94.257568359375,3.5291366577148438,103.24987030029297,14.447643280029297,64.73375701904297,5.134542465209961,75.066162109375,21.929290771484375,34.51597595214844,1.2921706438064575,46.89189910888672,7.584743022918701,35.285762786865234,3.3395261764526367,38.05922317504883,6.783114910125732,36.164520263671875,-1.3740357160568237,43.840091705322266,7.035547733306885,33.186492919921875,-3.939887762069702,53.07572937011719,12.348713874816895,25.507253646850586,-8.448776245117188,31.619661331176758,6.285123348236084,34.2297248840332,-5.348514080047607,25.287656784057617,5.290127277374268,34.863914489746094,DPP
等待自由的風.wav,0.28223690390586853,0.08783769607543945,0.029943041503429413,0.00019222634728066623,1823.870024627817,508803.75428735104,1955.4683547353416,175884.54145689905,3663.40284790417,1836286.4642618042,0.0777274211493808,0.0027658288726047572,1.9727870039787376e-06,0.0009303939295932651,2.00277258954884e-06,5.686207805410959e-05,117.45383522727273,-292.2503356933594,3628.110595703125,117.450439453125,970.0208129882812,-22.64049530029297,339.7105407714844,30.282302856445312,177.85678100585938,-9.937418937683105,209.53778076171875,-2.7342469692230225,118.58680725097656,-13.44548225402832,139.92129516601562,2.566694736480713,92.32113647460938,-24.8728084564209,236.33175659179688,4.61814022064209,146.35093688964844,-19.535837173461914,184.9026641845703,-0.7568489909172058,98.17483520507812,-14.503780364990234,107.90743255615234,-5.779380798339844,75.2306137084961,-12.742450714111328,73.19954681396484,1.9561519622802734,51.61802673339844,-7.5128889083862305,139.88368225097656,1.3558080196380615,59.53535461425781,-7.238866329193115,79.4920654296875,-4.744382381439209,89.34141540527344,DPP
自信勇敢咱的名.wav,0.31133273243904114,0.09036939591169357,0.09468333423137665,0.0029451698064804077,2210.1196423261476,1508619.4621163544,2322.914368427345,515863.48311789485,4729.42973511876,5799146.138931874,0.09214796887093653,0.007449791344992869,-2.425123966531828e-06,0.007382329553365707,-7.311837634915719e-06,0.0022628267761319876,123.046875,-171.5590362548828,6658.73974609375,108.79898071289062,2505.578125,4.384334564208984,330.1384582519531,14.220858573913574,245.1004180908203,4.878317832946777,314.8663024902344,2.6209025382995605,124.5942611694336,-8.779644012451172,160.91827392578125,4.344561576843262,122.3982162475586,-7.309594631195068,102.01239776611328,3.332695722579956,94.69598388671875,-9.553431510925293,115.40748596191406,0.43928343057632446,82.4104995727539,-14.041542053222656,91.21939086914062,2.1812243461608887,54.37931823730469,-10.248509407043457,50.03071975708008,-0.9025111794471741,58.302330017089844,-12.867120742797852,76.14110565185547,-0.760100245475769,52.064605712890625,-6.765495777130127,84.79239654541016,-2.141752243041992,46.46308517456055,DPP
自由的風.wav,0.3579352796077728,0.08505266159772873,0.044263437390327454,0.00012038285785820335,2010.33247109229,210373.12956373088,2286.4966125722617,51106.69134218873,4764.646188836348,1056854.0738656975,0.07573990482294891,0.0007279752977424856,-2.6211496333417017e-06,0.0012728046858683228,-4.563917173072696e-06,0.00029774525319226086,117.45383522727273,-221.16380310058594,1900.8157958984375,106.4636459350586,318.7807312011719,-2.346540689468384,91.40612030029297,49.83108901977539,174.6121063232422,-10.51064395904541,129.8421173095703,27.512163162231445,89.93704986572266,-21.17926025390625,101.81107330322266,18.66236686706543,55.440032958984375,-18.185319900512695,76.33152770996094,17.516096115112305,61.921875,1.4570716619491577,117.61588287353516,10.6166353225708,88.83811950683594,-8.014472961425781,78.90589904785156,3.8094539642333984,75.59387969970703,-6.224827766418457,66.19017028808594,2.476842164993286,53.96855545043945,-10.39198112487793,52.80073165893555,1.366634726524353,43.276371002197266,-5.706379413604736,53.58074188232422,-1.1870765686035156,59.24302291870117,DPP
英文歌(54321).wav,0.3276178240776062,0.08435513824224472,0.2770061790943146,0.004849269520491362,1730.9033282429507,698830.8227026693,2101.909213316261,319216.30079973623,3594.8865955459073,3222328.7234619576,0.07560233951722137,0.0024254276328293943,-5.569450536313525e-07,0.056575845927000046,5.0982635002583265e-05,0.01109618041664362,112.34714673913044,-66.4435806274414,3665.165283203125,122.93290710449219,1064.6802978515625,5.591845989227295,459.43218994140625,36.17766189575195,160.4367218017578,2.902204990386963,102.17127990722656,1.3666819334030151,153.74087524414062,-2.8037898540496826,148.8556365966797,3.6978189945220947,97.44477844238281,-9.78855037689209,105.33951568603516,2.6258292198181152,73.10037994384766,-7.8880767822265625,102.4375228881836,3.8594892024993896,96.72905731201172,-10.508662223815918,65.88755798339844,0.7192738056182861,57.359249114990234,-11.600445747375488,57.32441329956055,0.17043103277683258,91.03520202636719,-11.377294540405273,58.19647979736328,-1.836698055267334,61.82646942138672,-8.228029251098633,42.48371124267578,2.3507628440856934,69.2354507446289,DPP
草地踏實.wav,0.3121809959411621,0.08346609771251678,0.10780324786901474,0.0010400547180324793,1581.574005004957,324291.5638877345,2087.7548174113895,175104.73731100754,3384.1045367828465,2013377.5592307488,0.056218858842879256,0.0006152642446346331,6.621019110752968e-06,0.008468837477266788,-6.266988748393487e-06,0.0020539038814604282,112.34714673913044,-171.4484405517578,4627.23876953125,122.84800720214844,653.3629150390625,6.265676975250244,462.3108215332031,41.70387649536133,184.15150451660156,8.088787078857422,252.1298065185547,6.720895290374756,81.5374984741211,-9.197896003723145,82.57086944580078,9.196480751037598,80.6172103881836,-6.138066291809082,116.29924774169922,8.258885383605957,76.68051147460938,-7.969788551330566,78.32818603515625,8.271597862243652,48.12914276123047,-6.351907730102539,72.97174835205078,6.041125297546387,74.41944885253906,-3.2346696853637695,43.543575286865234,3.289367198944092,68.4579086303711,-7.6306962966918945,57.46133804321289,3.273405075073242,48.930755615234375,-7.326931476593018,63.02790451049805,6.6730146408081055,72.20861053466797,DPP
蘋果.wav,0.3114873766899109,0.0861361175775528,0.15741048753261566,0.002519144443795085,1643.144613394356,364219.4824227435,2087.2931187544746,207469.85136937062,3398.904447289812,2617071.05330474,0.06189493941079721,0.0009285704451628171,-7.363892564171692e-06,0.017100200057029724,-6.608327112189727e-06,0.005369338672608137,99.38401442307692,-121.03608703613281,2419.5556640625,128.9842071533203,1065.718505859375,1.5530802011489868,330.0039367675781,21.61847496032715,227.02789306640625,-1.6464983224868774,140.50611877441406,7.257286548614502,160.49819946289062,-6.3793792724609375,112.64422607421875,-1.1606837511062622,141.45367431640625,-5.087482929229736,86.94282531738281,-0.22210508584976196,68.90325927734375,-12.778043746948242,71.11233520507812,0.19800011813640594,65.98648834228516,-5.9664387702941895,59.88798904418945,5.6597418785095215,59.343170166015625,-5.66724157333374,66.50761413574219,3.2442357540130615,53.57783508300781,-7.244658946990967,68.14727783203125,1.7084615230560303,55.76584243774414,-7.061920166015625,54.220638275146484,4.2090373039245605,83.28895568847656,DPP
轉來key.wav,0.26159438490867615,0.09405498951673508,0.11157753318548203,0.002389434026554227,1816.0848968909395,991705.6213237685,2314.07729399903,293136.9552388189,3926.001260007498,4713932.338250322,0.057771381578947366,0.0032587263897651377,-2.7236578716838267e-06,0.01138552837073803,-1.9485285520204343e-05,0.0012404281878843904,135.99917763157896,-206.28652954101562,5252.0615234375,101.32782745361328,1215.13037109375,18.50990104675293,450.9632263183594,27.27007484436035,339.93377685546875,11.801133155822754,226.47499084472656,9.89089298248291,135.1953887939453,-0.31721046566963196,112.3096923828125,4.719404220581055,133.3683319091797,-15.600020408630371,142.02001953125,7.172764778137207,242.30679321289062,-16.719970703125,74.24525451660156,-7.600855827331543,66.04693603515625,-12.51660442352295,57.92280578613281,-8.470985412597656,74.42047882080078,-14.49509334564209,60.004859924316406,-9.190070152282715,64.79695129394531,-17.41104507446289,52.862640380859375,-1.275723934173584,62.30143356323242,-12.437639236450195,46.34100341796875,5.476339817047119,65.3573226928711,DPP
阿爸的心肝寶貝.wav,0.312686949968338,0.08579040318727493,0.13745251297950745,0.0024296569172292948,1505.6625942386768,165994.97350863263,1448.3274016943183,138740.31797531972,2910.2157356569273,733700.2945803432,0.08748397590944272,0.0011804601888805888,1.234285537066171e-05,0.017003057524561882,6.789370672777295e-05,0.001075666630640626,103.359375,-134.1919708251953,1967.7020263671875,158.67849731445312,555.5763549804688,-55.0222282409668,238.8280792236328,28.304759979248047,277.41656494140625,-12.017109870910645,316.74713134765625,-0.7609803676605225,208.40711975097656,-8.68935489654541,166.38221740722656,5.45872163772583,152.0084686279297,-16.314008712768555,167.93699645996094,-5.227264881134033,154.2849884033203,-12.240119934082031,127.64198303222656,-1.3201961517333984,127.00065612792969,-6.916863918304443,130.62718200683594,-6.5688982009887695,118.75466918945312,-2.0378167629241943,120.57456970214844,-5.067214488983154,121.32475280761719,1.9174814224243164,76.59931945800781,-9.314282417297363,151.22218322753906,-2.7389943599700928,107.26509094238281,-7.751837253570557,101.64207458496094,DPP
頌臺灣2.0.wav,0.41472920775413513,0.0928482860326767,0.282746821641922,0.007030717562884092,2220.888849295791,639644.3567930112,2463.3910715246843,193264.43358320533,4848.645680902912,2852711.95018626,0.08525005139802631,0.00407324672104657,-8.487532795697916e-06,0.04738529399037361,5.955186497885734e-05,0.01683931052684784,103.359375,-52.14865493774414,2767.8583984375,90.3995590209961,1005.38720703125,-3.040210485458374,662.5791015625,28.515056610107422,293.8888244628906,11.557099342346191,262.0064392089844,19.142257690429688,218.82009887695312,0.018439514562487602,206.03216552734375,16.019702911376953,85.53409576416016,-3.8244333267211914,108.8139877319336,13.246190071105957,98.66936492919922,-5.3711676597595215,81.93002319335938,6.760894775390625,61.28389358520508,-8.226652145385742,50.47395324707031,3.9757635593414307,46.188472747802734,-5.723148345947266,58.043426513671875,5.963395118713379,46.93409729003906,-10.848129272460938,55.60853958129883,2.0265414714813232,40.036869049072266,-7.906535625457764,51.531455993652344,1.683096170425415,60.316925048828125,DPP
weareone.wav,0.3039472997188568,0.10578293353319168,0.07123785465955734,0.004328618291765451,841.4066510926215,285336.20962245663,1270.352505189825,372075.95128323237,1532.824064555921,2056212.9282038396,0.03758971979005418,0.0008163412766317706,-1.1119049304397777e-05,0.008493960835039616,-2.419469819869846e-05,0.00026711533428169787,107.666015625,-345.9173583984375,9544.3701171875,115.6721420288086,1718.64013671875,34.52726364135742,384.57781982421875,30.240718841552734,302.19140625,11.215866088867188,177.54959106445312,6.368366718292236,171.74688720703125,1.5969676971435547,96.41309356689453,2.9082717895507812,125.01341247558594,-1.5321170091629028,96.01105499267578,-2.007944345474243,91.5872802734375,-9.28742790222168,101.81097412109375,-6.59608268737793,92.6288833618164,-4.753338813781738,80.76144409179688,-0.7028499245643616,52.96160125732422,-0.21024632453918457,83.52642822265625,-0.09906284511089325,82.75969696044922,-3.209174156188965,78.12448120117188,-3.0532946586608887,80.99642944335938,-2.4364984035491943,114.21996307373047,-1.0469108819961548,150.155517578125,KMT
weareonerock.wav,0.44319865107536316,0.08391103893518448,0.28993654251098633,0.003929500468075275,1941.5661688419693,651820.3319072911,2328.896923712949,172455.6273765169,4217.691162865229,2673116.1722444682,0.07186275517608359,0.0029526831689435005,-3.597195609472692e-05,0.046933140605688095,-8.189248183043674e-05,0.013736302964389324,107.666015625,-51.499515533447266,4883.00537109375,98.74317932128906,773.851806640625,3.312272548675537,493.37646484375,46.8522834777832,151.1261444091797,13.602487564086914,166.2346954345703,19.53852081298828,75.43453216552734,7.211705684661865,84.08622741699219,16.423812866210938,48.638607025146484,-2.8083882331848145,54.68669509887695,16.389122009277344,42.81733703613281,-4.117461681365967,40.13338851928711,9.239433288574219,40.97772979736328,-0.06372013688087463,38.0036735534668,5.58711051940918,40.45275115966797,-3.992666244506836,43.3143196105957,6.405245304107666,29.116331100463867,-7.406266689300537,32.7238883972168,5.800586700439453,39.57893371582031,-5.359454154968262,30.898571014404297,-0.027621401473879814,32.15240478515625,KMT
台灣向前行.wav,0.3147028684616089,0.09230402857065201,0.2191704362630844,0.004264801740646362,1887.4034306333456,217734.41483834834,2127.5311249654555,78344.96332139458,3943.409488075658,1046286.6770125122,0.08084796161474458,0.0014385991447272107,-3.2198258850257844e-05,0.03146424889564514,4.0497696318197995e-05,0.008175594732165337,99.38401442307692,-75.5400619506836,2687.86279296875,105.92412567138672,440.4604797363281,-13.873624801635742,343.2522277832031,34.94661331176758,343.5878601074219,0.6447555422782898,175.88450622558594,16.99687957763672,121.58277130126953,-6.650683879852295,217.973388671875,18.727876663208008,84.24471282958984,-5.95629358291626,84.8790054321289,7.14117956161499,89.59717559814453,-5.219538688659668,76.84505462646484,5.048929214477539,69.63855743408203,-5.0034308433532715,75.63996887207031,1.9027494192123413,76.34522247314453,-0.742811381816864,53.582725524902344,8.6138334274292,74.93098449707031,-9.045756340026855,68.36930084228516,3.69992733001709,47.23750686645508,-5.076590061187744,65.81160736083984,4.1141767501831055,91.80961608886719,KMT
台灣好所在.wav,0.3550966680049896,0.09037741273641586,0.19748297333717346,0.002421767683699727,1422.1144003046236,361949.29924461344,1785.3786138975931,124004.34416884073,2790.566459159733,1410670.067746164,0.05818294371613777,0.0012355002960018728,-5.021492597734323e-06,0.02715245820581913,-6.833862425992265e-05,0.004837185610085726,117.45383522727273,-115.29610443115234,1781.722900390625,135.0733184814453,821.8667602539062,-11.924079895019531,253.34994506835938,38.665565490722656,310.0950927734375,5.888975620269775,169.12107849121094,18.0516300201416,142.5995635986328,-4.659039497375488,153.41004943847656,18.24964714050293,121.76117706298828,-7.084260940551758,118.38938903808594,7.609116554260254,86.6820068359375,-4.42701530456543,111.80630493164062,1.1710004806518555,94.10604095458984,-4.632436275482178,84.4248046875,0.019102586433291435,92.8509292602539,-6.4883551597595215,98.49234008789062,5.641474723815918,62.87620162963867,-5.949037551879883,74.79300689697266,6.561705589294434,68.10247802734375,-2.1987345218658447,56.313514709472656,1.3879446983337402,77.59984588623047,KMT
台灣有你真好.wav,0.34496673941612244,0.08183898031711578,0.1112055703997612,0.0013175420463085175,2012.4035762007281,326424.13113707636,2208.52177319923,131691.30335523913,4300.548995168586,1560054.2121714004,0.09691589166505418,0.0015048066637222113,1.4454401764396607e-07,0.007730720564723015,-4.239121699356474e-05,0.00248537864536047,117.45383522727273,-114.01204681396484,2654.155517578125,110.38163757324219,676.778076171875,-8.072052001953125,451.9959411621094,29.038782119750977,143.6464080810547,-11.921955108642578,149.1758270263672,9.403291702270508,94.29035949707031,-5.818589687347412,67.19522857666016,12.27867603302002,92.40390014648438,-7.637336254119873,87.44258880615234,8.822199821472168,94.76872253417969,-5.247354507446289,121.68289184570312,7.056427478790283,57.713802337646484,-5.212713241577148,57.72526168823242,5.9923248291015625,47.08868408203125,-5.804189205169678,41.10493850708008,3.7588632106781006,69.46476745605469,-7.483053207397461,48.52574157714844,3.9647223949432373,45.148033142089844,-7.333990573883057,61.11455154418945,8.543697357177734,60.61005401611328,KMT
台灣進行曲.wav,0.3805043697357178,0.08347673714160919,0.04737677425146103,0.00040396765689365566,2220.832655155118,255834.87350135404,2247.9968034800695,92598.45965325627,4577.563986763496,1161352.9600809398,0.10971400021768576,0.0017118391676244535,-8.888169986676075e-07,0.0011118438560515642,3.178157930960879e-05,0.0007044487283565104,129.19921875,-177.44044494628906,1748.6451416015625,100.9697265625,485.6624450683594,-22.365806579589844,344.2939758300781,23.092586517333984,187.36798095703125,-13.562965393066406,163.94869995117188,12.683684349060059,113.82557678222656,-0.9898053407669067,145.6565704345703,13.731460571289062,56.88543701171875,-7.162454128265381,59.98788070678711,17.279905319213867,66.8660888671875,-3.5822527408599854,65.09635925292969,8.157554626464844,56.33558654785156,-2.591235637664795,44.713218688964844,5.817460060119629,42.07015609741211,-4.473296642303467,45.58357238769531,5.18018102645874,47.645389556884766,-7.381105899810791,45.16617202758789,4.727230548858643,39.16774368286133,-6.473465919494629,51.600650787353516,5.272698879241943,48.293739318847656,KMT
承蒙您按仔細.wav,0.39138516783714294,0.08721272647380829,0.3111824095249176,0.005225114990025759,1916.4291275491983,272098.17382916895,2332.087967367736,108996.00689436322,4319.182215829383,1472874.020396862,0.061119433896091334,0.001131613651307729,2.2334243112709373e-05,0.07179102301597595,-6.915698759257793e-05,0.011508953757584095,135.99917763157896,-39.38926315307617,1940.20166015625,103.06359100341797,468.22406005859375,1.1126492023468018,351.886962890625,37.41372299194336,195.80686950683594,3.796363592147827,139.00341796875,15.752079963684082,91.01225280761719,-3.5217013359069824,72.08382415771484,12.13077449798584,42.021419525146484,-2.545664072036743,41.572879791259766,9.866800308227539,68.50691986083984,-3.088571548461914,66.40782165527344,7.979793071746826,67.53001403808594,-6.718446731567383,48.968902587890625,4.7866082191467285,44.394996643066406,-3.392329454421997,37.204593658447266,8.789407730102539,36.613922119140625,-6.946237564086914,34.96590805053711,4.789397239685059,41.57233810424805,-3.963439464569092,50.4737548828125,4.555107116699219,47.285377502441406,KMT
等一個人.wav,0.38427016139030457,0.08893603086471558,0.19001446664333344,0.0033369078300893307,2180.3518199621262,460552.7213130637,2273.9709843590886,86833.0545572934,4453.048073027525,1350957.407049705,0.09709540683049536,0.0026178993801384627,1.4943319911253639e-05,0.02229790762066841,2.9130804250598885e-05,0.007795711513608694,107.666015625,-68.52225494384766,2708.698486328125,94.80307006835938,815.0692749023438,-13.654458999633789,268.7476806640625,39.61219024658203,222.94505310058594,2.6288270950317383,213.20138549804688,14.360565185546875,155.37368774414062,3.2300779819488525,107.33953857421875,8.227684020996094,94.65950012207031,0.8321186304092407,87.18948364257812,12.64608383178711,78.78850555419922,-8.983964920043945,64.70376586914062,6.19002628326416,62.976890563964844,-5.230538845062256,59.41408157348633,7.56170654296875,58.09207534790039,-1.330466389656067,60.29466247558594,5.760190010070801,52.92119216918945,-5.947645664215088,63.2459602355957,10.818135261535645,67.10353088378906,-7.934292316436768,73.58504486083984,-0.32144874334335327,89.13996887207031,KMT
耀眼新藍天.wav,0.41614025831222534,0.08802592754364014,0.28406891226768494,0.003648691577836871,2279.123408755151,623998.8027092206,2546.1774331949932,115325.1427046409,5162.277117749855,2054854.8470587067,0.08512873693885449,0.002792777184354384,2.385627340117935e-07,0.03942342847585678,-7.597781404911075e-06,0.022166632115840912,161.4990234375,-32.21768569946289,1540.9539794921875,90.45191192626953,706.4733276367188,9.618603706359863,222.84068298339844,35.91385269165039,170.5492401123047,2.236654758453369,124.570556640625,23.999799728393555,82.55796813964844,-4.000946521759033,85.6924819946289,14.57218074798584,71.87831115722656,0.18351811170578003,76.42509460449219,9.410958290100098,78.73294830322266,-4.104347229003906,53.87271499633789,8.399466514587402,42.78137969970703,-9.384778022766113,43.19192123413086,4.298935413360596,42.05760955810547,-8.6044282913208,35.270423889160156,2.3453409671783447,38.4647102355957,-9.849665641784668,35.3287353515625,0.7565370798110962,34.685386657714844,-8.957599639892578,42.96208190917969,2.2456750869750977,27.624013900756836,KMT
MIT.wav,0.26807233691215515,0.0873417779803276,0.08756544440984726,0.0025742552243173122,1151.9514256841621,401570.3999720509,1330.3363341192282,251527.6405517298,2224.6865476248063,1481014.220631766,0.051790314193111454,0.0016213360725065122,-3.7199886264716042e-06,0.007395054679363966,-2.483564276190009e-05,0.0012889608042314649,123.046875,-241.1645965576172,8027.35302734375,160.71604919433594,1100.042724609375,-17.603246688842773,458.92791748046875,16.985187530517578,502.6743469238281,3.0860085487365723,350.1043395996094,1.931674599647522,262.4933166503906,0.6872095465660095,266.7284851074219,-4.150545597076416,207.07565307617188,-14.56721019744873,190.82455444335938,7.278481483459473,281.7832946777344,-18.84031867980957,272.06085205078125,0.9689041972160339,161.69924926757812,-11.623575210571289,111.0121078491211,-6.7294416427612305,80.88396453857422,-7.754889011383057,110.26453399658203,-5.9617600440979,78.93891143798828,-7.555471897125244,71.15628814697266,-1.5583899021148682,89.12522888183594,-5.722153186798096,112.17565155029297,-2.1273295879364014,78.31729888916016,ot
soong就好.wav,0.446183443069458,0.09719958901405334,0.23755790293216705,0.01018315739929676,3178.2274346809336,646134.2349987638,2802.889279074818,79015.29568963929,6617.268319617115,1296662.8992301673,0.15299491764222137,0.009709447017420226,-6.799703442084137e-06,0.029067788273096085,-1.6263231373159215e-05,0.019864650443196297,129.19921875,-34.40733337402344,2362.6171875,53.60840606689453,732.8574829101562,-2.971339464187622,298.7317199707031,22.38404083251953,221.20782470703125,-5.3803863525390625,146.91409301757812,18.81369972229004,139.7053985595703,-0.6202163696289062,112.31397247314453,12.582539558410645,96.1316909790039,-2.9062259197235107,73.6617660522461,9.508509635925293,58.147132873535156,-4.496772289276123,59.524234771728516,10.823637008666992,55.464542388916016,-6.736885070800781,62.66518783569336,5.934957504272461,61.187583923339844,-6.31123685836792,98.10966491699219,9.519987106323242,82.07772827148438,-2.455577850341797,87.89486694335938,12.018447875976562,117.49351501464844,-1.3705291748046875,118.5419921875,9.059290885925293,67.1609878540039,ot
WakeUp.wav,0.4461538791656494,0.08866085112094879,0.05566289275884628,0.0009493610705249012,1027.2537382502549,425485.46788620006,1440.806591023047,331197.5586972802,2132.312106200416,2246039.284363888,0.04179831112132353,0.0012818728638919752,4.72009674012952e-07,0.0021404949948191643,-3.679509518406121e-06,0.000677472329698503,129.19921875,-287.05108642578125,4845.48779296875,153.5415496826172,1375.2410888671875,6.921336650848389,354.4443359375,27.081029891967773,513.7455444335938,12.694765090942383,144.793701171875,12.693047523498535,91.66990661621094,9.732614517211914,99.79222106933594,13.44423770904541,113.1772689819336,5.139481544494629,63.50663375854492,5.690799236297607,140.10659790039062,1.386069416999817,139.50621032714844,3.6600341796875,100.04647064208984,3.3660850524902344,63.998634338378906,3.1694812774658203,77.88142395019531,1.0081948041915894,57.61948013305664,2.7586371898651123,41.78748321533203,1.2965456247329712,77.5979995727539,1.1277018785476685,49.45676040649414,-8.0761079788208,79.61962890625,-2.049258232116699,68.17817687988281,ot
一起找出路.wav,0.3024822175502777,0.08955731242895126,0.04261729121208191,0.00030539874569512904,1560.1720711678447,488609.43658992305,2212.5079583030088,195347.47287696277,3515.0454116679566,3186691.152023743,0.05278917436629257,0.0020602038635152385,4.482793883653358e-06,0.0013241013512015343,8.417023309448268e-06,0.00030091142980381846,135.99917763157896,-281.896728515625,3397.283935546875,120.22612762451172,780.1429443359375,28.97921371459961,247.5314483642578,32.873355865478516,242.97227478027344,8.744138717651367,320.6535339355469,10.155078887939453,132.1724853515625,-5.4004807472229,111.12516784667969,20.60515785217285,159.19625854492188,-7.9007391929626465,198.45936584472656,7.386191368103027,109.61798858642578,-9.691749572753906,77.68386840820312,-3.6616716384887695,103.03207397460938,-11.264537811279297,73.57806396484375,-0.9556540846824646,64.62323760986328,-5.3820061683654785,62.34077453613281,6.187834739685059,68.88835144042969,-8.634390830993652,57.940704345703125,6.8683953285217285,56.2050666809082,-1.7294007539749146,72.40497589111328,1.4353288412094116,50.61384201049805,ot
一起找出路b.wav,0.37153077125549316,0.09681036323308945,0.03373325616121292,0.00047615281073376536,1215.5553169720752,918289.1384305015,1715.662772064798,322570.37994533684,2351.2274491159537,3682281.8753420175,0.04365922201528638,0.004700811186741434,-5.7657462093629874e-06,0.0012526203645393252,-1.2463417988328729e-05,0.0001300788135267794,143.5546875,-370.5605773925781,10710.21484375,127.63055419921875,1762.0145263671875,21.148601531982422,527.277099609375,37.908470153808594,349.9524230957031,12.7417631149292,419.0067138671875,12.895045280456543,182.025390625,8.905373573303223,189.12432861328125,11.936153411865234,137.30267333984375,-4.78300142288208,117.5521011352539,8.07868480682373,193.29534912109375,-9.880410194396973,119.4697036743164,6.811399459838867,118.68229675292969,-2.309861421585083,84.17760467529297,-0.5213364362716675,91.4614028930664,-4.301614761352539,56.71507263183594,-2.7564024925231934,76.77476501464844,-4.3770904541015625,80.84933471679688,3.697409152984619,91.04660034179688,-5.547229290008545,44.30139923095703,-1.9801403284072876,62.70185470581055,ot
人在做天在看.wav,0.35054174065589905,0.09100393950939178,0.14779958128929138,0.007986136712133884,2414.6339131550144,867127.5945037749,2550.535090570895,204727.3057568563,5233.351687971653,3252526.8049896294,0.10130210852844428,0.0040987950672094755,4.85872442368418e-06,0.0165584497153759,1.7588592527317815e-05,0.005764727480709553,143.5546875,-114.00121307373047,7535.73828125,90.93389892578125,983.1085815429688,15.457903861999512,934.2212524414062,31.21358299255371,329.4136047363281,-3.6206047534942627,212.94102478027344,9.022586822509766,178.02369689941406,3.606761932373047,134.0963592529297,10.475908279418945,87.16178131103516,-7.698917865753174,97.56441497802734,14.87224006652832,102.83122253417969,-13.340055465698242,84.36654663085938,8.718045234680176,51.70187759399414,-9.97989559173584,50.349342346191406,-0.8247679471969604,53.17210006713867,-6.8836188316345215,53.67076873779297,1.4122813940048218,57.886077880859375,-4.101485252380371,64.33909606933594,6.529541015625,107.90678405761719,-4.266273498535156,98.83409118652344,-0.5724148750305176,56.42304992675781,ot
幸福車站.wav,0.27878037095069885,0.09293361753225327,0.05006137117743492,0.0012495177797973156,1076.1327580121167,626131.5079459507,1310.6643091915087,343299.28211626277,2006.3212013835139,1970135.3686498844,0.05010022615131579,0.0028612426715388987,4.851466428590356e-07,0.00277184066362679,-1.1185289622517303e-05,0.00040997526957653463,135.99917763157896,-326.16070556640625,8939.970703125,150.23800659179688,1411.0311279296875,3.507840394973755,629.5414428710938,13.661513328552246,432.9469909667969,12.54038143157959,288.933349609375,4.195168972015381,186.06309509277344,1.8246873617172241,188.04196166992188,-4.322298049926758,116.1883316040039,-12.692228317260742,114.52306365966797,-2.5197691917419434,167.2074737548828,-11.631391525268555,90.28057098388672,0.7552621960639954,87.1034927368164,-4.820952892303467,118.0040283203125,-6.235044002532959,97.8794174194336,-7.832549095153809,103.16288757324219,-7.189496040344238,101.19490814208984,-9.053709030151367,54.916378021240234,-6.230193614959717,66.30875396728516,-11.385011672973633,86.82421875,-7.17588472366333,84.58119201660156,ot
有你有我.wav,0.3953809142112732,0.0773773193359375,0.13802401721477509,0.0005710124969482422,2332.6303187840617,88886.25756604322,2306.1864012057476,26810.269715546594,4691.521631010546,373274.89875741705,0.121281201625387,0.0007506999410599966,-1.5443381926161237e-05,0.012107289396226406,6.242126983124763e-05,0.0025748377665877342,143.5546875,-58.6478157043457,530.028564453125,91.58268737792969,212.36160278320312,-23.98507308959961,96.95445251464844,24.866069793701172,43.37958908081055,-12.729639053344727,61.156707763671875,16.339509963989258,41.58222961425781,6.5336151123046875,52.00537109375,14.131622314453125,33.178043365478516,-9.548623085021973,32.40644454956055,15.420772552490234,32.20844268798828,0.5343252420425415,32.709232330322266,13.602781295776367,35.7226448059082,-2.6151793003082275,40.09923553466797,7.862777233123779,40.008216857910156,-3.8960721492767334,34.57572555541992,7.5421600341796875,31.307039260864258,-6.503996849060059,47.40249252319336,5.557994365692139,32.244972229003906,-6.730798244476318,42.4393424987793,4.933411121368408,76.93512725830078,ot
謝謝你.wav,0.31178057193756104,0.08515486121177673,0.07657255977392197,0.0010920576751232147,1566.6790559798476,515695.719407824,1932.2629499645748,162120.17393526578,3066.1064596737133,2374799.362725579,0.07602599530766253,0.0029692843008370918,-4.460862783162156e-06,0.005082319024950266,-3.366139571880922e-05,0.0007487460970878601,135.99917763157896,-205.44224548339844,2646.6494140625,128.505615234375,1037.6512451171875,-2.3533599376678467,289.952880859375,24.024513244628906,145.0878448486328,4.314969539642334,163.40988159179688,7.302359580993652,169.44378662109375,-7.425490856170654,90.38874053955078,0.10755150020122528,82.5216293334961,-4.956000804901123,76.4994888305664,10.468572616577148,80.5593032836914,-12.341984748840332,103.7719497680664,-1.7343814373016357,103.88058471679688,-13.922384262084961,59.133018493652344,0.1683630645275116,56.61732482910156,-8.099105834960938,53.97392654418945,-0.13483133912086487,60.97888946533203,-13.638108253479004,84.4563217163086,2.371565341949463,93.08439636230469,-5.705353260040283,54.55145263671875,-0.4765419363975525,57.33102035522461,ot
